sample_id,pred_start_time
0,2023-09-02 00:00:00
1,2023-09-02 01:00:00
2,2023-09-02 02:00:00
3,2023-09-02 03:00:00
4,2023-09-02 04:00:00
5,2023-09-02 05:00:00
6,2023-09-02 06:00:00
7,2023-09-02 07:00:00
8,2023-09-02 08:00:00
9,2023-09-02 09:00:00
10,2023-09-02 10:00:00
11,2023-09-02 11:00:00
12,2023-09-02 12:00:00
13,2023-09-02 13:00:00
14,2023-09-02 14:00:00
15,2023-09-02 15:00:00
16,2023-09-02 16:00:00
17,2023-09-02 17:00:00
18,2023-09-02 18:00:00
19,2023-09-02 19:00:00
20,2023-09-02 20:00:00
21,2023-09-02 21:00:00
22,2023-09-02 22:00:00
23,2023-09-02 23:00:00
24,2023-09-03 00:00:00
25,2023-09-03 01:00:00
26,2023-09-03 02:00:00
27,2023-09-03 03:00:00
28,2023-09-03 04:00:00
29,2023-09-03 05:00:00
30,2023-09-03 06:00:00
31,2023-09-03 07:00:00
32,2023-09-03 08:00:00
33,2023-09-03 09:00:00
34,2023-09-03 10:00:00
35,2023-09-03 11:00:00
36,2023-09-03 12:00:00
37,2023-09-03 13:00:00
38,2023-09-03 14:00:00
39,2023-09-03 15:00:00
40,2023-09-03 16:00:00
41,2023-09-03 17:00:00
42,2023-09-03 18:00:00
43,2023-09-03 19:00:00
44,2023-09-03 20:00:00
45,2023-09-03 21:00:00
46,2023-09-03 22:00:00
47,2023-09-03 23:00:00
48,2023-09-04 00:00:00
49,2023-09-04 01:00:00
50,2023-09-04 02:00:00
51,2023-09-04 03:00:00
52,2023-09-04 04:00:00
53,2023-09-04 05:00:00
54,2023-09-04 06:00:00
55,2023-09-04 07:00:00
56,2023-09-04 08:00:00
57,2023-09-04 09:00:00
58,2023-09-04 10:00:00
59,2023-09-04 11:00:00
60,2023-09-04 12:00:00
61,2023-09-04 13:00:00
62,2023-09-04 14:00:00
63,2023-09-04 15:00:00
64,2023-09-04 16:00:00
65,2023-09-04 17:00:00
66,2023-09-04 18:00:00
67,2023-09-04 19:00:00
68,2023-09-04 20:00:00
69,2023-09-04 21:00:00
70,2023-09-04 22:00:00
71,2023-09-04 23:00:00
72,2023-09-05 00:00:00
73,2023-09-05 01:00:00
74,2023-09-05 02:00:00
75,2023-09-05 03:00:00
76,2023-09-05 04:00:00
77,2023-09-05 05:00:00
78,2023-09-05 06:00:00
79,2023-09-05 07:00:00
80,2023-09-05 08:00:00
81,2023-09-05 09:00:00
82,2023-09-05 10:00:00
83,2023-09-05 11:00:00
84,2023-09-05 12:00:00
85,2023-09-05 13:00:00
86,2023-09-05 14:00:00
87,2023-09-05 15:00:00
88,2023-09-05 16:00:00
89,2023-09-05 17:00:00
90,2023-09-05 18:00:00
91,2023-09-05 19:00:00
92,2023-09-05 20:00:00
93,2023-09-05 21:00:00
94,2023-09-05 22:00:00
95,2023-09-05 23:00:00
96,2023-09-06 00:00:00
97,2023-09-06 01:00:00
98,2023-09-06 02:00:00
99,2023-09-06 03:00:00
100,2023-09-06 04:00:00
101,2023-09-06 05:00:00
102,2023-09-06 06:00:00
103,2023-09-06 07:00:00
104,2023-09-06 08:00:00
105,2023-09-06 09:00:00
106,2023-09-06 10:00:00
107,2023-09-06 11:00:00
108,2023-09-06 12:00:00
109,2023-09-06 13:00:00
110,2023-09-06 14:00:00
111,2023-09-06 15:00:00
112,2023-09-06 16:00:00
113,2023-09-06 17:00:00
114,2023-09-06 18:00:00
115,2023-09-06 19:00:00
116,2023-09-06 20:00:00
117,2023-09-06 21:00:00
118,2023-09-06 22:00:00
119,2023-09-06 23:00:00
120,2023-09-07 00:00:00
121,2023-09-07 01:00:00
122,2023-09-07 02:00:00
123,2023-09-07 03:00:00
124,2023-09-07 04:00:00
125,2023-09-07 05:00:00
126,2023-09-07 06:00:00
127,2023-09-07 07:00:00
128,2023-09-07 08:00:00
129,2023-09-07 09:00:00
130,2023-09-07 10:00:00
131,2023-09-07 11:00:00
132,2023-09-07 12:00:00
133,2023-09-07 13:00:00
134,2023-09-07 14:00:00
135,2023-09-07 15:00:00
136,2023-09-07 16:00:00
137,2023-09-07 17:00:00
138,2023-09-07 18:00:00
139,2023-09-07 19:00:00
140,2023-09-07 20:00:00
141,2023-09-07 21:00:00
142,2023-09-07 22:00:00
143,2023-09-07 23:00:00
144,2023-09-08 00:00:00
145,2023-09-08 01:00:00
146,2023-09-08 02:00:00
147,2023-09-08 03:00:00
148,2023-09-08 04:00:00
149,2023-09-08 05:00:00
150,2023-09-08 06:00:00
151,2023-09-08 07:00:00
152,2023-09-08 08:00:00
153,2023-09-08 09:00:00
154,2023-09-08 10:00:00
155,2023-09-08 11:00:00
156,2023-09-08 12:00:00
157,2023-09-08 13:00:00
158,2023-09-08 14:00:00
159,2023-09-08 15:00:00
160,2023-09-08 16:00:00
161,2023-09-08 17:00:00
162,2023-09-08 18:00:00
163,2023-09-08 19:00:00
164,2023-09-08 20:00:00
165,2023-09-08 21:00:00
166,2023-09-08 22:00:00
167,2023-09-08 23:00:00
168,2023-09-09 00:00:00
169,2023-09-09 01:00:00
170,2023-09-09 02:00:00
171,2023-09-09 03:00:00
172,2023-09-09 04:00:00
173,2023-09-09 05:00:00
174,2023-09-09 06:00:00
175,2023-09-09 07:00:00
176,2023-09-09 08:00:00
177,2023-09-09 09:00:00
178,2023-09-09 10:00:00
179,2023-09-09 11:00:00
180,2023-09-09 12:00:00
181,2023-09-09 13:00:00
182,2023-09-09 14:00:00
183,2023-09-09 15:00:00
184,2023-09-09 16:00:00
185,2023-09-09 17:00:00
186,2023-09-09 18:00:00
187,2023-09-09 19:00:00
188,2023-09-09 20:00:00
189,2023-09-09 21:00:00
190,2023-09-09 22:00:00
191,2023-09-09 23:00:00
192,2023-09-10 00:00:00
193,2023-09-10 01:00:00
194,2023-09-10 02:00:00
195,2023-09-10 03:00:00
196,2023-09-10 04:00:00
197,2023-09-10 05:00:00
198,2023-09-10 06:00:00
199,2023-09-10 07:00:00
200,2023-09-10 08:00:00
201,2023-09-10 09:00:00
202,2023-09-10 10:00:00
203,2023-09-10 11:00:00
204,2023-09-10 12:00:00
205,2023-09-10 13:00:00
206,2023-09-10 14:00:00
207,2023-09-10 15:00:00
208,2023-09-10 16:00:00
209,2023-09-10 17:00:00
210,2023-09-10 18:00:00
211,2023-09-10 19:00:00
212,2023-09-10 20:00:00
213,2023-09-10 21:00:00
214,2023-09-10 22:00:00
215,2023-09-10 23:00:00
216,2023-09-11 00:00:00
217,2023-09-11 01:00:00
218,2023-09-11 02:00:00
219,2023-09-11 03:00:00
220,2023-09-11 04:00:00
221,2023-09-11 05:00:00
222,2023-09-11 06:00:00
223,2023-09-11 07:00:00
224,2023-09-11 08:00:00
225,2023-09-11 09:00:00
226,2023-09-11 10:00:00
227,2023-09-11 11:00:00
228,2023-09-11 12:00:00
229,2023-09-11 13:00:00
230,2023-09-11 14:00:00
231,2023-09-11 15:00:00
232,2023-09-11 16:00:00
233,2023-09-11 17:00:00
234,2023-09-11 18:00:00
235,2023-09-11 19:00:00
236,2023-09-11 20:00:00
237,2023-09-11 21:00:00
238,2023-09-11 22:00:00
239,2023-09-11 23:00:00
240,2023-09-12 00:00:00
241,2023-09-12 01:00:00
242,2023-09-12 02:00:00
243,2023-09-12 03:00:00
244,2023-09-12 04:00:00
245,2023-09-12 05:00:00
246,2023-09-12 06:00:00
247,2023-09-12 07:00:00
248,2023-09-12 08:00:00
249,2023-09-12 09:00:00
250,2023-09-12 10:00:00
251,2023-09-12 11:00:00
252,2023-09-12 12:00:00
253,2023-09-12 13:00:00
254,2023-09-12 14:00:00
255,2023-09-12 15:00:00
256,2023-09-12 16:00:00
257,2023-09-12 17:00:00
258,2023-09-12 18:00:00
259,2023-09-12 19:00:00
260,2023-09-12 20:00:00
261,2023-09-12 21:00:00
262,2023-09-12 22:00:00
263,2023-09-12 23:00:00
264,2023-09-13 00:00:00
265,2023-09-13 01:00:00
266,2023-09-13 02:00:00
267,2023-09-13 03:00:00
268,2023-09-13 04:00:00
269,2023-09-13 05:00:00
270,2023-09-13 06:00:00
271,2023-09-13 07:00:00
272,2023-09-13 08:00:00
273,2023-09-13 09:00:00
274,2023-09-13 10:00:00
275,2023-09-13 11:00:00
276,2023-09-13 12:00:00
277,2023-09-13 13:00:00
278,2023-09-13 14:00:00
279,2023-09-13 15:00:00
280,2023-09-13 16:00:00
281,2023-09-13 17:00:00
282,2023-09-13 18:00:00
283,2023-09-13 19:00:00
284,2023-09-13 20:00:00
285,2023-09-13 21:00:00
286,2023-09-13 22:00:00
287,2023-09-13 23:00:00
288,2023-09-14 00:00:00
289,2023-09-14 01:00:00
290,2023-09-14 02:00:00
291,2023-09-14 03:00:00
292,2023-09-14 04:00:00
293,2023-09-14 05:00:00
294,2023-09-14 06:00:00
295,2023-09-14 07:00:00
296,2023-09-14 08:00:00
297,2023-09-14 09:00:00
298,2023-09-14 10:00:00
299,2023-09-14 11:00:00
300,2023-09-14 12:00:00
301,2023-09-14 13:00:00
302,2023-09-14 14:00:00
303,2023-09-14 15:00:00
304,2023-09-14 16:00:00
305,2023-09-14 17:00:00
306,2023-09-14 18:00:00
307,2023-09-14 19:00:00
308,2023-09-14 20:00:00
309,2023-09-14 21:00:00
310,2023-09-14 22:00:00
311,2023-09-14 23:00:00
312,2023-09-15 00:00:00
313,2023-09-15 01:00:00
314,2023-09-15 02:00:00
315,2023-09-15 03:00:00
316,2023-09-15 04:00:00
317,2023-09-15 05:00:00
318,2023-09-15 06:00:00
319,2023-09-15 07:00:00
320,2023-09-15 08:00:00
321,2023-09-15 09:00:00
322,2023-09-15 10:00:00
323,2023-09-15 11:00:00
324,2023-09-15 12:00:00
325,2023-09-15 13:00:00
326,2023-09-15 14:00:00
327,2023-09-15 15:00:00
328,2023-09-15 16:00:00
329,2023-09-15 17:00:00
330,2023-09-15 18:00:00
331,2023-09-15 19:00:00
332,2023-09-15 20:00:00
333,2023-09-15 21:00:00
334,2023-09-15 22:00:00
335,2023-09-15 23:00:00
336,2023-09-16 00:00:00
337,2023-09-16 01:00:00
338,2023-09-16 02:00:00
339,2023-09-16 03:00:00
340,2023-09-16 04:00:00
341,2023-09-16 05:00:00
342,2023-09-16 06:00:00
343,2023-09-16 07:00:00
344,2023-09-16 08:00:00
345,2023-09-16 09:00:00
346,2023-09-16 10:00:00
347,2023-09-16 11:00:00
348,2023-09-16 12:00:00
349,2023-09-16 13:00:00
350,2023-09-16 14:00:00
351,2023-09-16 15:00:00
352,2023-09-16 16:00:00
353,2023-09-16 17:00:00
354,2023-09-16 18:00:00
355,2023-09-16 19:00:00
356,2023-09-16 20:00:00
357,2023-09-16 21:00:00
358,2023-09-16 22:00:00
359,2023-09-16 23:00:00
360,2023-09-17 00:00:00
361,2023-09-17 01:00:00
362,2023-09-17 02:00:00
363,2023-09-17 03:00:00
364,2023-09-17 04:00:00
365,2023-09-17 05:00:00
366,2023-09-17 06:00:00
367,2023-09-17 07:00:00
368,2023-09-17 08:00:00
369,2023-09-17 09:00:00
370,2023-09-17 10:00:00
371,2023-09-17 11:00:00
372,2023-09-17 12:00:00
373,2023-09-17 13:00:00
374,2023-09-17 14:00:00
375,2023-09-17 15:00:00
376,2023-09-17 16:00:00
377,2023-09-17 17:00:00
378,2023-09-17 18:00:00
379,2023-09-17 19:00:00
380,2023-09-17 20:00:00
381,2023-09-17 21:00:00
382,2023-09-17 22:00:00
383,2023-09-17 23:00:00
384,2023-09-18 00:00:00
385,2023-09-18 01:00:00
386,2023-09-18 02:00:00
387,2023-09-18 03:00:00
388,2023-09-18 04:00:00
389,2023-09-18 05:00:00
390,2023-09-18 06:00:00
391,2023-09-18 07:00:00
392,2023-09-18 08:00:00
393,2023-09-18 09:00:00
394,2023-09-18 10:00:00
395,2023-09-18 11:00:00
396,2023-09-18 12:00:00
397,2023-09-18 13:00:00
398,2023-09-18 14:00:00
399,2023-09-18 15:00:00
400,2023-09-18 16:00:00
401,2023-09-18 17:00:00
402,2023-09-18 18:00:00
403,2023-09-18 19:00:00
404,2023-09-18 20:00:00
405,2023-09-18 21:00:00
406,2023-09-18 22:00:00
407,2023-09-18 23:00:00
408,2023-09-19 00:00:00
409,2023-09-19 01:00:00
410,2023-09-19 02:00:00
411,2023-09-19 03:00:00
412,2023-09-19 04:00:00
413,2023-09-19 05:00:00
414,2023-09-19 06:00:00
415,2023-09-19 07:00:00
416,2023-09-19 08:00:00
417,2023-09-19 09:00:00
418,2023-09-19 10:00:00
419,2023-09-19 11:00:00
420,2023-09-19 12:00:00
421,2023-09-19 13:00:00
422,2023-09-19 14:00:00
423,2023-09-19 15:00:00
424,2023-09-19 16:00:00
425,2023-09-19 17:00:00
426,2023-09-19 18:00:00
427,2023-09-19 19:00:00
428,2023-09-19 20:00:00
429,2023-09-19 21:00:00
430,2023-09-19 22:00:00
431,2023-09-19 23:00:00
432,2023-09-20 00:00:00
433,2023-09-20 01:00:00
434,2023-09-20 02:00:00
435,2023-09-20 03:00:00
436,2023-09-20 04:00:00
437,2023-09-20 05:00:00
438,2023-09-20 06:00:00
439,2023-09-20 07:00:00
440,2023-09-20 08:00:00
441,2023-09-20 09:00:00
442,2023-09-20 10:00:00
443,2023-09-20 11:00:00
444,2023-09-20 12:00:00
445,2023-09-20 13:00:00
446,2023-09-20 14:00:00
447,2023-09-20 15:00:00
448,2023-09-20 16:00:00
449,2023-09-20 17:00:00
450,2023-09-20 18:00:00
451,2023-09-20 19:00:00
452,2023-09-20 20:00:00
453,2023-09-20 21:00:00
454,2023-09-20 22:00:00
455,2023-09-20 23:00:00
456,2023-09-21 00:00:00
457,2023-09-21 01:00:00
458,2023-09-21 02:00:00
459,2023-09-21 03:00:00
460,2023-09-21 04:00:00
461,2023-09-21 05:00:00
462,2023-09-21 06:00:00
463,2023-09-21 07:00:00
464,2023-09-21 08:00:00
465,2023-09-21 09:00:00
466,2023-09-21 10:00:00
467,2023-09-21 11:00:00
468,2023-09-21 12:00:00
469,2023-09-21 13:00:00
470,2023-09-21 14:00:00
471,2023-09-21 15:00:00
472,2023-09-21 16:00:00
473,2023-09-21 17:00:00
474,2023-09-21 18:00:00
475,2023-09-21 19:00:00
476,2023-09-21 20:00:00
477,2023-09-21 21:00:00
478,2023-09-21 22:00:00
479,2023-09-21 23:00:00
480,2023-09-22 00:00:00
481,2023-09-22 01:00:00
482,2023-09-22 02:00:00
483,2023-09-22 03:00:00
484,2023-09-22 04:00:00
485,2023-09-22 05:00:00
486,2023-09-22 06:00:00
487,2023-09-22 07:00:00
488,2023-09-22 08:00:00
489,2023-09-22 09:00:00
490,2023-09-22 10:00:00
491,2023-09-22 11:00:00
492,2023-09-22 12:00:00
493,2023-09-22 13:00:00
494,2023-09-22 14:00:00
495,2023-09-22 15:00:00
496,2023-09-22 16:00:00
497,2023-09-22 17:00:00
498,2023-09-22 18:00:00
499,2023-09-22 19:00:00
500,2023-09-22 20:00:00
501,2023-09-22 21:00:00
502,2023-09-22 22:00:00
503,2023-09-22 23:00:00
504,2023-09-23 00:00:00
505,2023-09-23 01:00:00
506,2023-09-23 02:00:00
507,2023-09-23 03:00:00
508,2023-09-23 04:00:00
509,2023-09-23 05:00:00
510,2023-09-23 06:00:00
511,2023-09-23 07:00:00
512,2023-09-23 08:00:00
513,2023-09-23 09:00:00
514,2023-09-23 10:00:00
515,2023-09-23 11:00:00
516,2023-09-23 12:00:00
517,2023-09-23 13:00:00
518,2023-09-23 14:00:00
519,2023-09-23 15:00:00
520,2023-09-23 16:00:00
521,2023-09-23 17:00:00
522,2023-09-23 18:00:00
523,2023-09-23 19:00:00
524,2023-09-23 20:00:00
525,2023-09-23 21:00:00
526,2023-09-23 22:00:00
527,2023-09-23 23:00:00
528,2023-09-24 00:00:00
529,2023-09-24 01:00:00
530,2023-09-24 02:00:00
531,2023-09-24 03:00:00
532,2023-09-24 04:00:00
533,2023-09-24 05:00:00
534,2023-09-24 06:00:00
535,2023-09-24 07:00:00
536,2023-09-24 08:00:00
537,2023-09-24 09:00:00
538,2023-09-24 10:00:00
539,2023-09-24 11:00:00
540,2023-09-24 12:00:00
541,2023-09-24 13:00:00
542,2023-09-24 14:00:00
543,2023-09-24 15:00:00
544,2023-09-24 16:00:00
545,2023-09-24 17:00:00
546,2023-09-24 18:00:00
547,2023-09-24 19:00:00
548,2023-09-24 20:00:00
549,2023-09-24 21:00:00
550,2023-09-24 22:00:00
551,2023-09-24 23:00:00
552,2023-09-25 00:00:00
553,2023-09-25 01:00:00
554,2023-09-25 02:00:00
555,2023-09-25 03:00:00
556,2023-09-25 04:00:00
557,2023-09-25 05:00:00
558,2023-09-25 06:00:00
559,2023-09-25 07:00:00
560,2023-09-25 08:00:00
561,2023-09-25 09:00:00
562,2023-09-25 10:00:00
563,2023-09-25 11:00:00
564,2023-09-25 12:00:00
565,2023-09-25 13:00:00
566,2023-09-25 14:00:00
567,2023-09-25 15:00:00
568,2023-09-25 16:00:00
569,2023-09-25 17:00:00
570,2023-09-25 18:00:00
571,2023-09-25 19:00:00
572,2023-09-25 20:00:00
573,2023-09-25 21:00:00
574,2023-09-25 22:00:00
575,2023-09-25 23:00:00
576,2023-09-26 00:00:00
577,2023-09-26 01:00:00
578,2023-09-26 02:00:00
579,2023-09-26 03:00:00
580,2023-09-26 04:00:00
581,2023-09-26 05:00:00
582,2023-09-26 06:00:00
583,2023-09-26 07:00:00
584,2023-09-26 08:00:00
585,2023-09-26 09:00:00
586,2023-09-26 10:00:00
587,2023-09-26 11:00:00
588,2023-09-26 12:00:00
589,2023-09-26 13:00:00
590,2023-09-26 14:00:00
591,2023-09-26 15:00:00
592,2023-09-26 16:00:00
593,2023-09-26 17:00:00
594,2023-09-26 18:00:00
595,2023-09-26 19:00:00
596,2023-09-26 20:00:00
597,2023-09-26 21:00:00
598,2023-09-26 22:00:00
599,2023-09-26 23:00:00
600,2023-09-27 00:00:00
601,2023-09-27 01:00:00
602,2023-09-27 02:00:00
603,2023-09-27 03:00:00
604,2023-09-27 04:00:00
605,2023-09-27 05:00:00
606,2023-09-27 06:00:00
607,2023-09-27 07:00:00
608,2023-09-27 08:00:00
609,2023-09-27 09:00:00
610,2023-09-27 10:00:00
611,2023-09-27 11:00:00
612,2023-09-27 12:00:00
613,2023-09-27 13:00:00
614,2023-09-27 14:00:00
615,2023-09-27 15:00:00
616,2023-09-27 16:00:00
617,2023-09-27 17:00:00
618,2023-09-27 18:00:00
619,2023-09-27 19:00:00
620,2023-09-27 20:00:00
621,2023-09-27 21:00:00
622,2023-09-27 22:00:00
623,2023-09-27 23:00:00
624,2023-09-28 00:00:00
625,2023-09-28 01:00:00
626,2023-09-28 02:00:00
627,2023-09-28 03:00:00
628,2023-09-28 04:00:00
629,2023-09-28 05:00:00
630,2023-09-28 06:00:00
631,2023-09-28 07:00:00
632,2023-09-28 08:00:00
633,2023-09-28 09:00:00
634,2023-09-28 10:00:00
635,2023-09-28 11:00:00
636,2023-09-28 12:00:00
637,2023-09-28 13:00:00
638,2023-09-28 14:00:00
639,2023-09-28 15:00:00
640,2023-09-28 16:00:00
641,2023-09-28 17:00:00
642,2023-09-28 18:00:00
643,2023-09-28 19:00:00
644,2023-09-28 20:00:00
645,2023-09-28 21:00:00
646,2023-09-28 22:00:00
647,2023-09-28 23:00:00
648,2023-09-29 00:00:00
649,2023-09-29 01:00:00
650,2023-09-29 02:00:00
651,2023-09-29 03:00:00
652,2023-09-29 04:00:00
653,2023-09-29 05:00:00
654,2023-09-29 06:00:00
655,2023-09-29 07:00:00
656,2023-09-29 08:00:00
657,2023-09-29 09:00:00
658,2023-09-29 10:00:00
659,2023-09-29 11:00:00
660,2023-09-29 12:00:00
661,2023-09-29 13:00:00
662,2023-09-29 14:00:00
663,2023-09-29 15:00:00
664,2023-09-29 16:00:00
665,2023-09-29 17:00:00
666,2023-09-29 18:00:00
667,2023-09-29 19:00:00
668,2023-09-29 20:00:00
669,2023-09-29 21:00:00
670,2023-09-29 22:00:00
671,2023-09-29 23:00:00
672,2023-09-30 00:00:00
673,2023-09-30 01:00:00
674,2023-09-30 02:00:00
675,2023-09-30 03:00:00
676,2023-09-30 04:00:00
677,2023-09-30 05:00:00
678,2023-09-30 06:00:00
679,2023-09-30 07:00:00
680,2023-09-30 08:00:00
681,2023-09-30 09:00:00
682,2023-09-30 10:00:00
683,2023-09-30 11:00:00
684,2023-09-30 12:00:00
685,2023-09-30 13:00:00
686,2023-09-30 14:00:00
687,2023-09-30 15:00:00
688,2023-09-30 16:00:00
689,2023-09-30 17:00:00
690,2023-09-30 18:00:00
691,2023-09-30 19:00:00
692,2023-09-30 20:00:00
693,2023-09-30 21:00:00
694,2023-09-30 22:00:00
695,2023-09-30 23:00:00
696,2023-10-01 00:00:00
697,2023-10-01 01:00:00
698,2023-10-01 02:00:00
699,2023-10-01 03:00:00
700,2023-10-01 04:00:00
701,2023-10-01 05:00:00
702,2023-10-01 06:00:00
703,2023-10-01 07:00:00
704,2023-10-01 08:00:00
705,2023-10-01 09:00:00
706,2023-10-01 10:00:00
707,2023-10-01 11:00:00
708,2023-10-01 12:00:00
709,2023-10-01 13:00:00
710,2023-10-01 14:00:00
711,2023-10-01 15:00:00
712,2023-10-01 16:00:00
713,2023-10-01 17:00:00
714,2023-10-01 18:00:00
715,2023-10-01 19:00:00
716,2023-10-01 20:00:00
717,2023-10-01 21:00:00
718,2023-10-01 22:00:00
719,2023-10-01 23:00:00
720,2023-10-02 00:00:00
721,2023-10-02 01:00:00
722,2023-10-02 02:00:00
723,2023-10-02 03:00:00
724,2023-10-02 04:00:00
725,2023-10-02 05:00:00
726,2023-10-02 06:00:00
727,2023-10-02 07:00:00
728,2023-10-02 08:00:00
729,2023-10-02 09:00:00
730,2023-10-02 10:00:00
731,2023-10-02 11:00:00
732,2023-10-02 12:00:00
733,2023-10-02 13:00:00
734,2023-10-02 14:00:00
735,2023-10-02 15:00:00
736,2023-10-02 16:00:00
737,2023-10-02 17:00:00
738,2023-10-02 18:00:00
739,2023-10-02 19:00:00
740,2023-10-02 20:00:00
741,2023-10-02 21:00:00
742,2023-10-02 22:00:00
743,2023-10-02 23:00:00
744,2023-10-03 00:00:00
745,2023-10-03 01:00:00
746,2023-10-03 02:00:00
747,2023-10-03 03:00:00
748,2023-10-03 04:00:00
749,2023-10-03 05:00:00
750,2023-10-03 06:00:00
751,2023-10-03 07:00:00
752,2023-10-03 08:00:00
753,2023-10-03 09:00:00
754,2023-10-03 10:00:00
755,2023-10-03 11:00:00
756,2023-10-03 12:00:00
757,2023-10-03 13:00:00
758,2023-10-03 14:00:00
759,2023-10-03 15:00:00
760,2023-10-03 16:00:00
761,2023-10-03 17:00:00
762,2023-10-03 18:00:00
763,2023-10-03 19:00:00
764,2023-10-03 20:00:00
765,2023-10-03 21:00:00
766,2023-10-03 22:00:00
767,2023-10-03 23:00:00
768,2023-10-04 00:00:00
769,2023-10-04 01:00:00
770,2023-10-04 02:00:00
771,2023-10-04 03:00:00
772,2023-10-04 04:00:00
773,2023-10-04 05:00:00
774,2023-10-04 06:00:00
775,2023-10-04 07:00:00
776,2023-10-04 08:00:00
777,2023-10-04 09:00:00
778,2023-10-04 10:00:00
779,2023-10-04 11:00:00
780,2023-10-04 12:00:00
781,2023-10-04 13:00:00
782,2023-10-04 14:00:00
783,2023-10-04 15:00:00
784,2023-10-04 16:00:00
785,2023-10-04 17:00:00
786,2023-10-04 18:00:00
787,2023-10-04 19:00:00
788,2023-10-04 20:00:00
789,2023-10-04 21:00:00
790,2023-10-04 22:00:00
791,2023-10-04 23:00:00
792,2023-10-05 00:00:00
793,2023-10-05 01:00:00
794,2023-10-05 02:00:00
795,2023-10-05 03:00:00
796,2023-10-05 04:00:00
797,2023-10-05 05:00:00
798,2023-10-05 06:00:00
799,2023-10-05 07:00:00
800,2023-10-05 08:00:00
801,2023-10-05 09:00:00
802,2023-10-05 10:00:00
803,2023-10-05 11:00:00
804,2023-10-05 12:00:00
805,2023-10-05 13:00:00
806,2023-10-05 14:00:00
807,2023-10-05 15:00:00
808,2023-10-05 16:00:00
809,2023-10-05 17:00:00
810,2023-10-05 18:00:00
811,2023-10-05 19:00:00
812,2023-10-05 20:00:00
813,2023-10-05 21:00:00
814,2023-10-05 22:00:00
815,2023-10-05 23:00:00
816,2023-10-06 00:00:00
817,2023-10-06 01:00:00
818,2023-10-06 02:00:00
819,2023-10-06 03:00:00
820,2023-10-06 04:00:00
821,2023-10-06 05:00:00
822,2023-10-06 06:00:00
823,2023-10-06 07:00:00
824,2023-10-06 08:00:00
825,2023-10-06 09:00:00
826,2023-10-06 10:00:00
827,2023-10-06 11:00:00
828,2023-10-06 12:00:00
829,2023-10-06 13:00:00
830,2023-10-06 14:00:00
